id,company_name
1,abc
2,def
3,ghi
4,jkl
5,mno
6,pqr
7,stu
8,vwx
9,yz
10,abc
11,def
12,ghi
13,jkl
14,mno
15,pqr
16,stu
17,vwx
18,yz
19,abc
20,def
21,ghi
22,jkl
23,mno
24,pqr
25,stu
26,vwx
27,yz
28,abc
29,def
30,ghi
31,jkl
32,mno
33,pqr
34,stu
35,vwx
36,yz
37,abc
38,def
39,ghi
40,jkl
41,mno
42,pqr
43,stu
44,vwx
45,yz
46,abc
47,def
48,ghi
49,jkl
50,mno
51,pqr
52,stu
53,vwx
54,yz
55,abc
56,def
57,ghi
58,jkl
59,mno
60,pqr
61,stu
62,vwx
63,yz
64,abc
65,def
66,ghi
67,jkl
68,mno
69,pqr
70,stu
71,vwx
72,yz
73,abc
74,def
75,ghi
76,jkl
77,mno
78,pqr
79,stu
80,vwx
81,yz
82,abc
83,def
84,ghi
85,jkl
86,mno
87,pqr
88,stu
89,vwx
90,yz
91,abc
92,def
93,ghi
94,jkl
95,mno
96,pqr
97,stu
98,vwx
99,yz
100,abc
101,def
102,ghi
103,jkl
104,mno
105,pqr
106,stu
107,vwx
108,yz
109,abc
110,def
111,ghi
112,jkl
113,mno
114,pqr
115,stu
116,vwx
117,yz
118,abc
119,def
120,ghi
121,jkl
122,mno
123,pqr
124,stu
125,vwx
126,yz
127,abc
128,def
129,ghi
130,jkl
131,mno
132,pqr
133,stu
134,vwx
135,yz
136,abc
137,def
138,ghi
139,jkl
140,mno
141,pqr
142,stu
143,vwx
144,yz
145,abc
146,def
147,ghi
148,jkl
149,mno
150,pqr
151,stu
152,vwx
153,yz
154,abc
155,def
156,ghi
157,jkl
158,mno
159,pqr
160,stu
161,vwx
162,yz
163,abc
164,def
165,ghi
166,jkl
167,mno
168,pqr
169,stu
170,vwx
171,yz
172,abc
173,def
174,ghi
175,jkl
176,mno
177,pqr
178,stu
179,vwx
180,yz
181,abc
182,def
183,ghi
184,jkl
185,mno
186,pqr
187,stu
188,vwx
189,yz
190,abc
191,def
192,ghi
193,jkl
194,mno
195,pqr
196,stu
197,vwx
198,yz
199,abc
200,def
201,ghi
202,jkl
203,mno
204,pqr
205,stu
206,vwx
207,yz
208,abc
209,def
210,ghi
211,jkl
212,mno
213,pqr
214,stu
215,vwx
216,yz
217,abc
218,def
219,ghi
220,jkl
221,mno
222,pqr
223,stu
224,vwx
225,yz
226,abc
227,def
228,ghi
229,jkl
230,mno
231,pqr
232,stu
233,vwx
234,yz
235,abc
236,def
237,ghi
238,jkl
239,mno
240,pqr
241,stu
242,vwx
243,yz
244,abc
245,def
246,ghi
247,jkl
248,mno
249,pqr
250,stu
251,vwx
252,yz
253,abc
254,def
255,ghi
256,jkl
257,mno
258,pqr
259,stu
260,vwx
261,yz
262,abc
263,def
264,ghi
265,jkl
266,mno
267,pqr
268,stu
269,vwx
270,yz
271,abc
272,def
273,ghi
274,jkl
275,mno
276,pqr
277,stu
278,vwx
279,yz
280,abc
281,def
282,ghi
283,jkl
284,mno
285,pqr
286,stu
287,vwx
288,yz
289,abc
290,def
291,ghi
292,jkl
293,mno
294,pqr
295,stu
296,vwx
297,yz
298,abc
299,def
300,ghi
301,jkl
302,mno
303,pqr
304,stu
305,vwx
306,yz
307,abc
308,def
309,ghi
310,jkl
311,mno
312,pqr
313,stu
314,vwx
315,yz
316,abc
317,def
318,ghi
319,jkl
320,mno
321,pqr
322,stu
323,vwx
324,yz
325,abc
326,def
327,ghi
328,jkl
329,mno
330,pqr
331,stu
332,vwx
333,yz
334,abc
335,def
336,ghi
337,jkl
338,mno
339,pqr
340,stu
341,vwx
342,yz
343,abc
344,def
345,ghi
346,jkl
347,mno
348,pqr
349,stu
350,vwx
351,yz
352,abc
353,def
354,ghi
355,jkl
356,mno
357,pqr
358,stu
359,vwx
360,yz
361,abc
362,def
363,ghi
364,jkl
365,mno
366,pqr
367,stu
368,vwx
369,yz
370,abc
371,def
372,ghi
373,jkl
374,mno
375,pqr
376,stu
377,vwx
378,yz
379,abc
380,def
381,ghi
382,jkl
383,mno
384,pqr
385,stu
386,vwx
387,yz
388,abc
389,def
390,ghi
391,jkl
392,mno
393,pqr
394,stu
395,vwx
396,yz
397,abc
398,def
399,ghi
400,jkl
401,mno
402,pqr
403,stu
404,vwx
405,yz
406,abc
407,def
408,ghi
409,jkl
410,mno
411,pqr
412,stu
413,vwx
414,yz
415,abc
416,def
417,ghi
418,jkl
419,mno
420,pqr
421,stu
422,vwx
423,yz
424,abc
425,def
426,ghi
427,jkl
428,mno
429,pqr
430,stu
431,vwx
432,yz
433,abc
434,def
435,ghi
436,jkl
437,mno
438,pqr
439,stu
440,vwx
441,yz
442,abc
443,def
444,ghi
445,jkl
446,mno
447,pqr
448,stu
449,vwx
450,yz
451,abc
452,def
453,ghi
454,jkl
455,mno
456,pqr
457,stu
458,vwx
459,yz
460,abc
461,def
462,ghi
463,jkl
464,mno
465,pqr
466,stu
467,vwx
468,yz
469,abc
470,def
471,ghi
472,jkl
473,mno
474,pqr
475,stu
476,vwx
477,yz
478,abc
479,def
480,ghi
481,jkl
482,mno
483,pqr
484,stu
485,vwx
486,yz
487,abc
488,def
489,ghi
490,jkl
491,mno
492,pqr
493,stu
494,vwx
495,yz
496,abc
497,def
498,ghi
499,jkl
500,mno
501,pqr
502,stu
503,vwx
504,yz
505,abc
506,def
507,ghi
508,jkl
509,mno
510,pqr
511,stu
512,vwx
513,yz
514,abc
515,def
516,ghi
517,jkl
518,mno
519,pqr
520,stu
521,vwx
522,yz
523,abc
524,def
525,ghi
526,jkl
527,mno
528,pqr
529,stu
530,vwx
531,yz
532,abc
533,def
534,ghi
535,jkl
536,mno
537,pqr
538,stu
539,vwx
540,yz
541,abc
542,def
543,ghi
544,jkl
545,mno
546,pqr
547,stu
548,vwx
549,yz
550,abc
551,def
552,ghi
553,jkl
554,mno
555,pqr
556,stu
557,vwx
558,yz
559,abc
560,def
561,ghi
562,jkl
563,mno
564,pqr
565,stu
566,vwx
567,yz
568,abc
569,def
570,ghi
571,jkl
572,mno
573,pqr
574,stu
575,vwx
576,yz
577,abc
578,def
579,ghi
580,jkl
581,mno
582,pqr
583,stu
584,vwx
585,yz
586,abc
587,def
588,ghi
589,jkl
590,mno
591,pqr
592,stu
593,vwx
594,yz
595,abc
596,def
597,ghi
598,jkl
599,mno
600,pqr
601,stu
602,vwx
603,yz
604,abc
605,def
606,ghi
607,jkl
608,mno
609,pqr
610,stu
611,vwx
612,yz
613,abc
614,def
615,ghi
616,jkl
617,mno
618,pqr
619,stu
620,vwx
621,yz
622,abc
623,def
624,ghi
625,jkl
626,mno
627,pqr
628,stu
629,vwx
630,yz
631,abc
632,def
633,ghi
634,jkl
635,mno
636,pqr
637,stu
638,vwx
639,yz
640,abc
641,def
642,ghi
643,jkl
644,mno
645,pqr
646,stu
647,vwx
648,yz
649,abc
650,def
651,ghi
652,jkl
653,mno
654,pqr
655,stu
656,vwx
657,yz
658,abc
659,def
660,ghi
661,jkl
662,mno
663,pqr
664,stu
665,vwx
666,yz
667,abc
668,def
669,ghi
670,jkl
671,mno
672,pqr
673,stu
674,vwx
675,yz
676,abc
677,def
678,ghi
679,jkl
680,mno
681,pqr
682,stu
683,vwx
684,yz
685,abc
686,def
687,ghi
688,jkl
689,mno
690,pqr
691,stu
692,vwx
693,yz
694,abc
695,def
696,ghi
697,jkl
698,mno
699,pqr
700,stu
701,vwx
702,yz
703,abc
704,def
705,ghi
706,jkl
707,mno
708,pqr
709,stu
710,vwx
711,yz
712,abc
713,def
714,ghi
715,jkl
716,mno
717,pqr
718,stu
719,vwx
720,yz
721,abc
722,def
723,ghi
724,jkl
725,mno
726,pqr
727,stu
728,vwx
729,yz
730,abc
731,def
732,ghi
733,jkl
734,mno
735,pqr
736,stu
737,vwx
738,yz
739,abc
740,def
741,ghi
742,jkl
743,mno
744,pqr
745,stu
746,vwx
747,yz
748,abc
749,def
750,ghi
751,jkl
752,mno
753,pqr
754,stu
755,vwx
756,yz
757,abc
758,def
759,ghi
760,jkl
761,mno
762,pqr
763,stu
764,vwx
765,yz
766,abc
767,def
768,ghi
769,jkl
770,mno
771,pqr
772,stu
773,vwx
774,yz
775,abc
776,def
777,ghi
778,jkl
779,mno
780,pqr
781,stu
782,vwx
783,yz
784,abc
785,def
786,ghi
787,jkl
788,mno
789,pqr
790,stu
791,vwx
792,yz
793,abc
794,def
795,ghi
796,jkl
797,mno
798,pqr
799,stu
800,vwx
801,yz
802,abc
803,def
804,ghi
805,jkl
806,mno
807,pqr
808,stu
809,vwx
810,yz
811,abc
812,def
813,ghi
814,jkl
815,mno
816,pqr
817,stu
818,vwx
819,yz
820,abc
821,def
822,ghi
823,jkl
824,mno
825,pqr
826,stu
827,vwx
828,yz
829,abc
830,def
831,ghi
832,jkl
833,mno
834,pqr
835,stu
836,vwx
837,yz
838,abc
839,def
840,ghi
841,jkl
842,mno
843,pqr
844,stu
845,vwx
846,yz
847,abc
848,def
849,ghi
850,jkl
851,mno
852,pqr
853,stu
854,vwx
855,yz
856,abc
857,def
858,ghi
859,jkl
860,mno
861,pqr
862,stu
863,vwx
864,yz
865,abc
866,def
867,ghi
868,jkl
869,mno
870,pqr
871,stu
872,vwx
873,yz
874,abc
875,def
876,ghi
877,jkl
878,mno
879,pqr
880,stu
881,vwx
882,yz
883,abc
884,def
885,ghi
886,jkl
887,mno
888,pqr
889,stu
890,vwx
891,yz
892,abc
893,def
894,ghi
895,jkl
896,mno
897,pqr
898,stu
899,vwx
900,yz
901,abc
902,def
903,ghi
904,jkl
905,mno
906,pqr
907,stu
908,vwx
909,yz
910,abc
911,def
912,ghi
913,jkl
914,mno
915,pqr
916,stu
917,vwx
918,yz
919,abc
920,def
921,ghi
922,jkl
923,mno
924,pqr
925,stu
926,vwx
927,yz
928,abc
929,def
930,ghi
931,jkl
932,mno
933,pqr
934,stu
935,vwx
936,yz
937,abc
938,def
939,ghi
940,jkl
941,mno
942,pqr
943,stu
944,vwx
945,yz
946,abc
947,def
948,ghi
949,jkl
950,mno
951,pqr
952,stu
953,vwx
954,yz
955,abc
956,def
957,ghi
958,jkl
959,mno
960,pqr
961,stu
962,vwx
963,yz
964,abc
965,def
966,ghi
967,jkl
968,mno
969,pqr
970,stu
971,vwx
972,yz
973,abc
974,def
975,ghi
976,jkl
977,mno
978,pqr
979,stu
980,vwx
981,yz
982,abc
983,def
984,ghi
985,jkl
986,mno
987,pqr
988,stu
989,vwx
990,yz
991,abc
992,def
993,ghi
994,jkl
995,mno
996,pqr
997,stu
998,vwx
999,yz
1000,abc
1001,def
1002,ghi
1003,jkl
1004,mno
1005,pqr
1006,stu
1007,vwx
1008,yz
1009,abc
1010,def
1011,ghi
1012,jkl
1013,mno
1014,pqr
1015,stu
1016,vwx
1017,yz
1018,abc
1019,def
1020,ghi
1021,jkl
1022,mno
1023,pqr
1024,stu
1025,vwx
1026,yz
1027,abc
1028,def
1029,ghi
1030,jkl
1031,mno
1032,pqr
1033,stu
1034,vwx
1035,yz
1036,abc
1037,def
1038,ghi
1039,jkl
1040,mno
1041,pqr
1042,stu
1043,vwx
1044,yz
1045,abc
1046,def
1047,ghi
1048,jkl
1049,mno
1050,pqr
1051,stu
1052,vwx
1053,yz
1054,abc
1055,def
1056,ghi
1057,jkl
1058,mno
1059,pqr
1060,stu
1061,vwx
1062,yz
1063,abc
1064,def
1065,ghi
1066,jkl
1067,mno
1068,pqr
1069,stu
1070,vwx
1071,yz
1072,abc
1073,def
1074,ghi
1075,jkl
1076,mno
1077,pqr
1078,stu
1079,vwx
1080,yz
1081,abc
1082,def
1083,ghi
1084,jkl
1085,mno
1086,pqr
1087,stu
1088,vwx
1089,yz
1090,abc
1091,def
1092,ghi
1093,jkl
1094,mno
1095,pqr
1096,stu
1097,vwx
1098,yz
1099,abc
1100,def
1101,ghi
1102,jkl
1103,mno
1104,pqr
1105,stu
1106,vwx
1107,yz
1108,abc
1109,def
1110,ghi
1111,jkl
1112,mno
1113,pqr
1114,stu
1115,vwx
1116,yz
1117,abc
1118,def
1119,ghi
1120,jkl
1121,mno
1122,pqr
1123,stu
1124,vwx
1125,yz
1126,abc
1127,def
1128,ghi
1129,jkl
1130,mno
1131,pqr
1132,stu
1133,vwx
1134,yz
1135,abc
1136,def
1137,ghi
1138,jkl
1139,mno
1140,pqr
1141,stu
1142,vwx
1143,yz
1144,abc
1145,def
1146,ghi
1147,jkl
1148,mno
1149,pqr
1150,stu
1151,vwx
1152,yz
1153,abc
1154,def
1155,ghi
1156,jkl
1157,mno
1158,pqr
1159,stu
1160,vwx
1161,yz
1162,abc
1163,def
1164,ghi
1165,jkl
1166,mno
1167,pqr
1168,stu
1169,vwx
1170,yz
1171,abc
1172,def
1173,ghi
1174,jkl
1175,mno
1176,pqr
1177,stu
1178,vwx
1179,yz
1180,abc
1181,def
1182,ghi
1183,jkl
1184,mno
1185,pqr
1186,stu
1187,vwx
1188,yz
1189,abc
1190,def
1191,ghi
1192,jkl
1193,mno
1194,pqr
1195,stu
1196,vwx
1197,yz
1198,abc
1199,def
1200,ghi
1201,jkl
1202,mno
1203,pqr
1204,stu
1205,vwx
1206,yz
1207,abc
1208,def
1209,ghi
1210,jkl
1211,mno
1212,pqr
1213,stu
1214,vwx
1215,yz
1216,abc
1217,def
1218,ghi
1219,jkl
1220,mno
1221,pqr
1222,stu
1223,vwx
1224,yz
1225,abc
1226,def
1227,ghi
1228,jkl
1229,mno
1230,pqr
1231,stu
1232,vwx
1233,yz
1234,abc
1235,def
1236,ghi
1237,jkl
1238,mno
1239,pqr
1240,stu
1241,vwx
1242,yz
1243,abc
1244,def
1245,ghi
1246,jkl
1247,mno
1248,pqr
1249,stu
1250,vwx
1251,yz
1252,abc
1253,def
1254,ghi
1255,jkl
1256,mno
1257,pqr
1258,stu
1259,vwx
1260,yz
1261,abc
1262,def
1263,ghi
1264,jkl
1265,mno
1266,pqr
1267,stu
1268,vwx
1269,yz
1270,abc
1271,def
1272,ghi
1273,jkl
1274,mno
1275,pqr
1276,stu
1277,vwx
1278,yz
1279,abc
1280,def
1281,ghi
1282,jkl
1283,mno
1284,pqr
1285,stu
1286,vwx
1287,yz
1288,abc
1289,def
1290,ghi
1291,jkl
1292,mno
1293,pqr
1294,stu
1295,vwx
1296,yz
1297,abc
1298,def
1299,ghi
1300,jkl
1301,mno
1302,pqr
1303,stu
1304,vwx
1305,yz
1306,abc
1307,def
1308,ghi
1309,jkl
1310,mno
1311,pqr
1312,stu
1313,vwx
1314,yz
1315,abc
1316,def
1317,ghi
1318,jkl
1319,mno
1320,pqr
1321,stu
1322,vwx
1323,yz
1324,abc
1325,def
1326,ghi
1327,jkl
1328,mno
1329,pqr
1330,stu
1331,vwx
1332,yz
1333,abc
1334,def
1335,ghi
1336,jkl
1337,mno
1338,pqr
1339,stu
1340,vwx
1341,yz
1342,abc
1343,def
1344,ghi
1345,jkl
1346,mno
1347,pqr
1348,stu
1349,vwx
1350,yz
1351,abc
1352,def
1353,ghi
1354,jkl
1355,mno
1356,pqr
1357,stu
1358,vwx
1359,yz
1360,abc
1361,def
1362,ghi
1363,jkl
1364,mno
1365,pqr
1366,stu
1367,vwx
1368,yz
1369,abc
1370,def
1371,ghi
1372,jkl
1373,mno
1374,pqr
1375,stu
1376,vwx
1377,yz
1378,abc
1379,def
1380,ghi
1381,jkl
1382,mno
1383,pqr
1384,stu
1385,vwx
1386,yz
1387,abc
1388,def
1389,ghi
1390,jkl
1391,mno
1392,pqr
1393,stu
1394,vwx
1395,yz
1396,abc
1397,def
1398,ghi
1399,jkl
1400,mno
1401,pqr
1402,stu
1403,vwx
1404,yz
1405,abc
1406,def
1407,ghi
1408,jkl
1409,mno
1410,pqr
1411,stu
1412,vwx
1413,yz
1414,abc
1415,def
1416,ghi
1417,jkl
1418,mno
1419,pqr
1420,stu
1421,vwx
1422,yz
1423,abc
1424,def
1425,ghi
1426,jkl
1427,mno
1428,pqr
1429,stu
1430,vwx
1431,yz
1432,abc
1433,def
1434,ghi
1435,jkl
1436,mno
1437,pqr
1438,stu
1439,vwx
1440,yz
1441,abc
1442,def
1443,ghi
1444,jkl
1445,mno
1446,pqr
1447,stu
1448,vwx
1449,yz
1450,abc
1451,def
1452,ghi
1453,jkl
1454,mno
1455,pqr
1456,stu
1457,vwx
1458,yz
1459,abc
1460,def
1461,ghi
1462,jkl
1463,mno
1464,pqr
1465,stu
1466,vwx
1467,yz
1468,abc
1469,def
1470,ghi
1471,jkl
1472,mno
1473,pqr
1474,stu
1475,vwx
1476,yz
1477,abc
1478,def
1479,ghi
1480,jkl
1481,mno
1482,pqr
1483,stu
1484,vwx
1485,yz
1486,abc
1487,def
1488,ghi
1489,jkl
1490,mno
1491,pqr
1492,stu
1493,vwx
1494,yz
1495,abc
1496,def
1497,ghi
1498,jkl
1499,mno
1500,pqr
1501,stu
1502,vwx
1503,yz
1504,abc
1505,def
1506,ghi
1507,jkl
1508,mno
1509,pqr
1510,stu
1511,vwx
1512,yz
1513,abc
1514,def
1515,ghi
1516,jkl
1517,mno
1518,pqr
1519,stu
1520,vwx
1521,yz
1522,abc
1523,def
1524,ghi
1525,jkl
1526,mno
1527,pqr
1528,stu
1529,vwx
1530,yz
1531,abc
1532,def
1533,ghi
1534,jkl
1535,mno
1536,pqr
1537,stu
1538,vwx
1539,yz
1540,abc
1541,def
1542,ghi
1543,jkl
1544,mno
1545,pqr
1546,stu
1547,vwx
1548,yz
1549,abc
1550,def
1551,ghi
1552,jkl
1553,mno
1554,pqr
1555,stu
1556,vwx
1557,yz
1558,abc
1559,def
1560,ghi
1561,jkl
1562,mno
1563,pqr
1564,stu
1565,vwx
1566,yz
1567,abc
1568,def
1569,ghi
1570,jkl
1571,mno
1572,pqr
1573,stu
1574,vwx
1575,yz
1576,abc
1577,def
1578,ghi
1579,jkl
1580,mno
1581,pqr
1582,stu
1583,vwx
1584,yz
1585,abc
1586,def
1587,ghi
1588,jkl
1589,mno
1590,pqr
1591,stu
1592,vwx
1593,yz
1594,abc
1595,def
1596,ghi
1597,jkl
1598,mno
1599,pqr
1600,stu
1601,vwx
1602,yz
1603,abc
1604,def
1605,ghi
1606,jkl
1607,mno
1608,pqr
1609,stu
1610,vwx
1611,yz
1612,abc
1613,def
1614,ghi
1615,jkl
1616,mno
1617,pqr
1618,stu
1619,vwx
1620,yz
1621,abc
1622,def
1623,ghi
1624,jkl
1625,mno
1626,pqr
1627,stu
1628,vwx
1629,yz
1630,abc
1631,def
1632,ghi
1633,jkl
1634,mno
1635,pqr
1636,stu
1637,vwx
1638,yz
1639,abc
1640,def
1641,ghi
1642,jkl
1643,mno
1644,pqr
1645,stu
1646,vwx
1647,yz
1648,abc
1649,def
1650,ghi
1651,jkl
1652,mno
1653,pqr
1654,stu
1655,vwx
1656,yz
1657,abc
1658,def
1659,ghi
1660,jkl
1661,mno
1662,pqr
1663,stu
1664,vwx
1665,yz
1666,abc
1667,def
1668,ghi
1669,jkl
1670,mno
1671,pqr
1672,stu
1673,vwx
1674,yz
1675,abc
1676,def
1677,ghi
1678,jkl
1679,mno
1680,pqr
1681,stu
1682,vwx
1683,yz
1684,abc
1685,def
1686,ghi
1687,jkl
1688,mno
1689,pqr
1690,stu
1691,vwx
1692,yz
1693,abc
1694,def
1695,ghi
1696,jkl
1697,mno
1698,pqr
1699,stu
1700,vwx
1701,yz
1702,abc
1703,def
1704,ghi
1705,jkl
1706,mno
1707,pqr
1708,stu
1709,vwx
1710,yz
1711,abc
1712,def
1713,ghi
1714,jkl
1715,mno
1716,pqr
1717,stu
1718,vwx
1719,yz
1720,abc
1721,def
1722,ghi
1723,jkl
1724,mno
1725,pqr
1726,stu
1727,vwx
1728,yz
1729,mno
1730,pqr
1731,stu
1732,vwx
1733,yz
1734,abc
1735,def
1736,ghi
1737,jkl
1738,mno
1739,pqr
1740,stu
1741,vwx
1742,yz
1743,ghi
1744,jkl
1745,mno
1746,pqr
1747,stu
1748,vwx
1749,yz
1750,abc
1751,def
1752,ghi
1753,jkl
1754,mno
1755,pqr
1756,stu
1757,vwx
1758,yz
1759,abc
1760,def
1761,ghi
1762,jkl
1763,mno
1764,pqr
1765,stu
1766,vwx
1767,yz
1768,abc
1769,def
1770,ghi
1771,jkl
1772,mno
1773,pqr
1774,stu
1775,vwx
1776,yz
1777,abc
1778,def
1779,ghi
1780,jkl
1781,mno
1782,pqr
1783,stu
1784,vwx
1785,yz
1786,abc
1787,def
1788,ghi
1789,jkl
1790,mno
1791,pqr
1792,stu
1793,vwx
1794,yz
1795,abc
1796,def
1797,ghi
1798,jkl
1799,mno
1800,pqr
1801,stu
1802,vwx
1803,yz
1804,abc
1805,def
1806,ghi
1807,jkl
1808,mno
1809,pqr
1810,stu
1811,vwx
1812,yz
1813,abc
1814,def
1815,ghi
1816,jkl
1817,mno
1818,pqr
1819,stu
1820,vwx
1821,yz
1822,abc
1823,def
1824,ghi
1825,jkl
1826,mno
1827,pqr
1828,stu
1829,vwx
1830,yz
1831,abc
1832,def
1833,ghi
1834,jkl
1835,mno
1836,pqr
1837,stu
1838,vwx
1839,yz
1840,abc
1841,def
1842,ghi
1843,jkl
1844,mno
1845,pqr
1846,stu
1847,vwx
1848,yz
1849,abc
1850,def
1851,ghi
1852,jkl
1853,mno
1854,pqr
1855,stu
1856,vwx
1857,yz
1858,abc
1859,def
1860,ghi
1861,jkl
1862,mno
1863,pqr
1864,stu
1865,vwx
1866,yz
1867,abc
1868,def
1869,ghi
1870,jkl
1871,mno
1872,pqr
1873,stu
1874,vwx
1875,yz
1876,abc
1877,def
1878,ghi
1879,jkl
1880,mno
1881,pqr
1882,stu
1883,vwx
1884,yz
1885,abc
1886,def
1887,ghi
1888,jkl
1889,mno
1890,pqr
1891,stu
1892,vwx
1893,yz
1894,abc
1895,def
1896,ghi
1897,jkl
1898,mno
1899,pqr
1900,stu
1901,vwx
1902,yz
1903,abc
1904,def
1905,ghi
1906,jkl
1907,mno
1908,pqr
1909,stu
1910,vwx
1911,yz
1912,abc
1913,def
1914,ghi
1915,jkl
1916,mno
1917,pqr
1918,stu
1919,vwx
1920,yz
1921,abc
1922,def
1923,ghi
1924,jkl
1925,mno
1926,pqr
1927,stu
1928,vwx
1929,yz
1930,abc
1931,def
1932,ghi
1933,jkl
1934,mno
1935,pqr
1936,stu
1937,vwx
1938,yz
1939,abc
1940,def
1941,ghi
1942,jkl
1943,mno
1944,pqr
1945,stu
1946,vwx
1947,yz
1948,abc
1949,def
1950,ghi
1951,jkl
1952,mno
1953,pqr
1954,stu
1955,vwx
1956,yz
1957,abc
1958,def
1959,ghi
1960,jkl
1961,mno
1962,pqr
1963,stu
1964,vwx
1965,yz
1966,abc
1967,def
1968,ghi
1969,jkl
1970,mno
1971,pqr
1972,stu
1973,vwx
1974,yz
1975,abc
1976,def
1977,ghi
1978,jkl
1979,mno
1980,pqr
1981,stu
1982,vwx
1983,yz
1984,abc
1985,def
1986,ghi
1987,jkl
1988,mno
1989,pqr
1990,stu
1991,vwx
1992,yz
1993,abc
1994,def
1995,ghi
1996,jkl
1997,mno
1998,pqr
1999,stu
2000,vwx
2001,yz
2002,abc
2003,def
2004,ghi
2005,jkl
2006,mno
2007,pqr
2008,stu
2009,vwx
2010,yz
2011,abc
2012,def
2013,ghi
2014,jkl
2015,mno
2016,pqr
2017,stu
2018,vwx
2019,yz
2020,abc
2021,def
2022,ghi
2023,jkl
2024,mno
2025,pqr
2026,stu
2027,vwx
2028,yz
2029,abc
2030,def
2031,ghi
2032,jkl
2033,mno
2034,pqr
2035,stu
2036,vwx
2037,yz
2038,abc
2039,def
2040,ghi
2041,jkl
2042,mno
2043,pqr
2044,stu
2045,vwx
2046,yz
2047,abc
2048,def
2049,ghi
2050,jkl
2051,mno
2052,pqr
2053,stu
2054,vwx
2055,yz
2056,abc
2057,def
2058,ghi
2059,jkl
2060,mno
2061,pqr
2062,stu
2063,vwx
2064,yz
2065,abc
2066,def
2067,ghi
2068,jkl
2069,mno
2070,pqr
2071,stu
2072,vwx
2073,yz
2074,abc
2075,def
2076,ghi
2077,jkl
2078,mno
2079,pqr
2080,stu
2081,vwx
2082,yz
2083,abc
2084,def
2085,ghi
2086,jkl
2087,mno
2088,pqr
2089,stu
2090,vwx
2091,yz
2092,abc
2093,def
2094,ghi
2095,jkl
2096,mno
2097,pqr
2098,stu
2099,vwx
2100,yz
2101,abc
2102,def
2103,ghi
2104,jkl
2105,mno
2106,pqr
2107,stu
2108,vwx
2109,yz
2110,abc
2111,def
2112,ghi
2113,jkl
2114,mno
2115,pqr
2116,stu
2117,vwx
2118,yz
2119,abc
2120,def
2121,ghi
2122,jkl
2123,mno
2124,pqr
2125,stu
2126,vwx
2127,yz
2128,abc
2129,def
2130,ghi
2131,jkl
2132,mno
2133,pqr
2134,stu
2135,vwx
2136,yz
2137,abc
2138,def
2139,ghi
2140,jkl
2141,mno
2142,pqr
2143,stu
2144,vwx
2145,yz
2146,abc
2147,def
2148,ghi
2149,jkl
2150,mno
2151,pqr
2152,stu
2153,vwx
2154,yz
2155,abc
2156,def
2157,ghi
2158,jkl
2159,mno
2160,pqr
2161,stu
2162,vwx
2163,yz
2164,abc
2165,def
2166,ghi
2167,jkl
2168,mno
2169,pqr
2170,stu
2171,vwx
2172,yz
2173,abc
2174,def
2175,ghi
2176,jkl
2177,mno
2178,pqr
2179,stu
2180,vwx
2181,yz
2182,abc
2183,def
2184,ghi
2185,jkl
2186,mno
2187,pqr
2188,stu
2189,vwx
2190,yz
2191,abc
2192,def
2193,ghi
2194,jkl
2195,mno
2196,pqr
2197,stu
2198,vwx
2199,yz
2200,abc
2201,def
2202,ghi
2203,jkl
2204,mno
2205,pqr
2206,stu
2207,vwx
2208,yz
2209,abc
2210,def
2211,ghi
2212,jkl
2213,mno
2214,pqr
2215,stu
2216,vwx
2217,yz
2218,abc
2219,def
2220,ghi
2221,jkl
2222,mno
2223,pqr
2224,stu
2225,vwx
2226,yz
2227,abc
2228,def
2229,ghi
2230,jkl
2231,mno
2232,pqr
2233,stu
2234,vwx
2235,yz
2236,abc
2237,def
2238,ghi
2239,jkl
2240,mno
2241,pqr
2242,stu
2243,vwx
2244,yz
2245,abc
2246,def
2247,ghi
2248,jkl
2249,mno
2250,pqr
2251,stu
2252,vwx
2253,yz
2254,abc
2255,def
2256,ghi
2257,jkl
2258,mno
2259,pqr
2260,stu
2261,vwx
2262,yz
2263,abc
2264,def
2265,ghi
2266,jkl
2267,mno
2268,pqr
2269,stu
2270,vwx
2271,yz
2272,abc
2273,def
2274,ghi
2275,jkl
2276,mno
2277,pqr
2278,stu
2279,vwx
2280,yz
2281,abc
2282,def
2283,ghi
2284,jkl
2285,mno
2286,pqr
2287,stu
2288,vwx
2289,yz
2290,abc
2291,def
2292,ghi
2293,jkl
2294,mno
2295,pqr
2296,stu
2297,vwx
2298,yz
2299,abc
2300,def
2301,ghi
2302,jkl
2303,mno
2304,pqr
2305,stu
2306,vwx
2307,yz
2308,abc
2309,def
2310,ghi
2311,jkl
2312,mno
2313,pqr
2314,stu
2315,vwx
2316,yz
2317,abc
2318,def
2319,ghi
2320,jkl
2321,mno
2322,pqr
2323,stu
2324,vwx
2325,yz
2326,abc
2327,def
2328,ghi
2329,jkl
2330,mno
2331,pqr
2332,stu
2333,vwx
2334,yz
2335,abc
2336,def
2337,ghi
2338,jkl
2339,mno
2340,pqr
2341,stu
2342,vwx
2343,yz
2344,abc
2345,def
2346,ghi
2347,jkl
2348,mno
2349,pqr
2350,stu
2351,vwx
2352,yz
2353,abc
2354,def
2355,ghi
2356,jkl
2357,mno
2358,pqr
2359,stu
2360,vwx
2361,yz
2362,abc
2363,def
2364,ghi
2365,jkl
2366,mno
2367,pqr
2368,stu
2369,vwx
2370,yz
2371,abc
2372,def
2373,ghi
2374,jkl
2375,mno
2376,pqr
2377,stu
2378,vwx
2379,yz
2380,abc
2381,def
2382,ghi
2383,jkl
2384,mno
2385,pqr
2386,stu
2387,vwx
2388,yz
2389,abc
2390,def
2391,ghi
2392,jkl
2393,mno
2394,pqr
2395,stu
2396,vwx
2397,yz
2398,abc
2399,def
2400,ghi
2401,jkl
2402,mno
2403,pqr
2404,stu
2405,vwx
2406,yz
2407,abc
2408,def
2409,ghi
2410,jkl
2411,mno
2412,pqr
2413,stu
2414,vwx
2415,yz
2416,abc
2417,def
2418,ghi
2419,jkl
2420,mno
2421,pqr
2422,stu
2423,vwx
2424,yz
2425,abc
2426,def
2427,ghi
2428,jkl
2429,mno
2430,pqr
2431,stu
2432,vwx
2433,yz
2434,abc
2435,def
2436,ghi
2437,jkl
2438,mno
2439,pqr
2440,stu
2441,vwx
2442,yz
2443,abc
2444,def
2445,ghi
2446,jkl
2447,mno
2448,pqr
2449,stu
2450,vwx
2451,yz
2452,abc
2453,def
2454,ghi
2455,jkl
2456,mno
2457,pqr
2458,stu
2459,vwx
2460,yz
2461,abc
2462,def
2463,ghi
2464,jkl
2465,mno
2466,pqr
2467,stu
2468,vwx
2469,yz
2470,abc
2471,def
2472,ghi
2473,jkl
2474,mno
2475,pqr
2476,stu
2477,vwx
2478,yz
2479,abc
2480,def
2481,ghi
2482,jkl
2483,mno
2484,pqr
2485,stu
2486,vwx
2487,yz
2488,abc
2489,def
2490,ghi
2491,jkl
2492,mno
2493,pqr
2494,stu
2495,vwx
2496,yz
2497,abc
2498,def
2499,ghi
2500,jkl
2501,mno
2502,pqr
2503,stu
2504,vwx
2505,yz
2506,abc
2507,def
2508,ghi
2509,jkl
2510,mno
2511,pqr
2512,stu
2513,vwx
2514,yz
2515,abc
2516,def
2517,ghi
2518,jkl
2519,mno
2520,pqr
2521,stu
2522,vwx
2523,yz
2524,abc
2525,def
2526,ghi
2527,jkl
2528,mno
2529,pqr
2530,stu
2531,vwx
2532,yz
2533,abc
2534,def
2535,ghi
2536,jkl
2537,mno
2538,pqr
2539,stu
2540,vwx
2541,yz
2542,abc
2543,def
2544,ghi
2545,jkl
2546,mno
2547,pqr
2548,stu
2549,vwx
2550,yz
2551,abc
2552,def
2553,ghi
2554,jkl
2555,mno
2556,pqr
2557,stu
2558,vwx
2559,yz
2560,abc
2561,def
2562,ghi
2563,jkl
2564,mno
2565,pqr
2566,stu
2567,vwx
2568,yz
2569,abc
2570,def
2571,ghi
2572,jkl
2573,mno
2574,pqr
2575,stu
2576,vwx
2577,yz
2578,abc
2579,def
2580,ghi
2581,jkl
2582,mno
2583,pqr
2584,stu
2585,vwx
2586,yz
2587,abc
2588,def
2589,ghi
2590,jkl
2591,mno
2592,pqr
2593,stu
2594,vwx
2595,yz
2596,abc
2597,def
2598,ghi
2599,jkl
2600,mno
2601,pqr
2602,stu
2603,vwx
2604,yz
2605,abc
2606,def
2607,ghi
2608,jkl
2609,mno
2610,pqr
2611,stu
2612,vwx
2613,yz
2614,abc
2615,def
2616,ghi
2617,jkl
2618,mno
2619,pqr
2620,stu
2621,vwx
2622,yz
2623,abc
2624,def
2625,ghi
2626,jkl
2627,mno
2628,pqr
2629,stu
2630,vwx
2631,yz
2632,abc
2633,def
2634,ghi
2635,jkl
2636,mno
2637,pqr
2638,stu
2639,vwx
2640,yz
2641,abc
2642,def
2643,ghi
2644,jkl
2645,mno
2646,pqr
2647,stu
2648,vwx
2649,yz
2650,abc
2651,def
2652,ghi
2653,jkl
2654,mno
2655,pqr
2656,stu
2657,vwx
2658,yz
2659,abc
2660,def
2661,ghi
2662,jkl
2663,mno
2664,pqr
2665,stu
2666,vwx
2667,yz
2668,abc
2669,def
2670,ghi
2671,jkl
2672,mno
2673,pqr
2674,stu
2675,vwx
2676,yz
2677,abc
2678,def
2679,ghi
2680,jkl
2681,mno
2682,pqr
2683,stu
2684,vwx
2685,yz
2686,abc
2687,def
2688,ghi
2689,jkl
2690,mno
2691,pqr
2692,stu
2693,vwx
2694,yz
2695,abc
2696,def
2697,ghi
2698,jkl
2699,mno
2700,pqr
2701,stu
2702,vwx
2703,yz
2704,abc
2705,def
2706,ghi
2707,jkl
2708,mno
2709,pqr
2710,stu
2711,vwx
2712,yz
2713,abc
2714,def
2715,ghi
2716,jkl
2717,mno
2718,pqr
2719,stu
2720,vwx
2721,yz
2722,abc
2723,def
2724,ghi
2725,jkl
2726,mno
2727,pqr
2728,stu
2729,vwx
2730,yz
2731,abc
2732,def
2733,ghi
2734,jkl
2735,mno
2736,pqr
2737,stu
2738,vwx
2739,yz
2740,abc
2741,def
2742,ghi
2743,jkl
2744,mno
2745,pqr
2746,stu
2747,vwx
2748,yz
2749,abc
2750,def
2751,ghi
2752,jkl
2753,mno
2754,pqr
2755,stu
2756,vwx
2757,yz
2758,abc
2759,def
2760,ghi
2761,jkl
2762,mno
2763,pqr
2764,stu
2765,vwx
2766,yz
2767,abc
2768,def
2769,ghi
2770,jkl
2771,mno
2772,pqr
2773,stu
2774,vwx
2775,yz
2776,abc
2777,def
2778,ghi
2779,jkl
2780,mno
2781,pqr
2782,stu
2783,vwx
2784,yz
2785,abc
2786,def
2787,ghi
2788,jkl
2789,mno
2790,pqr
2791,stu
2792,vwx
2793,yz
2794,abc
2795,def
2796,ghi
2797,jkl
2798,mno
2799,pqr
2800,stu
2801,vwx
2802,yz
2803,abc
2804,def
2805,ghi
2806,jkl
2807,mno
2808,pqr
2809,stu
2810,vwx
2811,yz
2812,abc
2813,def
2814,ghi
2815,jkl
2816,mno
2817,pqr
2818,stu
2819,vwx
2820,yz
2821,abc
2822,def
2823,ghi
2824,jkl
2825,mno
2826,pqr
2827,stu
2828,vwx
2829,yz
2830,abc
2831,def
2832,ghi
2833,jkl
2834,mno
2835,pqr
2836,stu
2837,vwx
2838,yz
2839,abc
2840,def
2841,ghi
2842,jkl
2843,mno
2844,pqr
2845,stu
2846,vwx
2847,yz
2848,abc
2849,def
2850,ghi
2851,jkl
2852,mno
2853,pqr
2854,stu
2855,vwx
2856,yz
2857,abc
2858,def
2859,ghi
2860,jkl
2861,mno
2862,pqr
2863,stu
2864,vwx
2865,yz
2866,abc
2867,def
2868,ghi
2869,jkl
2870,mno
2871,pqr
2872,stu
2873,vwx
2874,yz
2875,abc
2876,def
2877,ghi
2878,jkl
2879,mno
2880,pqr
2881,stu
2882,vwx
2883,yz
2884,abc
2885,def
2886,ghi
2887,jkl
2888,mno
2889,pqr
2890,stu
2891,vwx
2892,yz
2893,abc
2894,def
2895,ghi
2896,jkl
2897,mno
2898,pqr
2899,stu
2900,vwx
2901,yz
2902,abc
2903,def
2904,ghi
2905,jkl
2906,mno
2907,pqr
2908,stu
2909,vwx
2910,yz
2911,abc
2912,def
2913,ghi
2914,jkl
2915,mno
2916,pqr
2917,stu
2918,vwx
2919,yz
2920,abc
2921,def
2922,ghi
2923,jkl
2924,mno
2925,pqr
2926,stu
2927,vwx
2928,yz
2929,abc
2930,def
2931,ghi
2932,jkl
2933,mno
2934,pqr
2935,stu
2936,vwx
2937,yz
2938,abc
2939,def
2940,ghi
2941,jkl
2942,mno
2943,pqr
2944,stu
2945,vwx
2946,yz
2947,abc
2948,def
2949,ghi
2950,jkl
2951,mno
2952,pqr
2953,stu
2954,vwx
2955,yz
2956,abc
2957,def
2958,ghi
2959,jkl
2960,mno
2961,pqr
2962,stu
2963,vwx
2964,yz
2965,abc
2966,def
2967,ghi
2968,jkl
2969,mno
2970,pqr
2971,stu
2972,vwx
2973,yz
2974,abc
2975,def
2976,ghi
2977,jkl
2978,mno
2979,pqr
2980,stu
2981,vwx
2982,yz
2983,abc
2984,def
2985,ghi
2986,jkl
2987,mno
2988,pqr
2989,stu
2990,vwx
2991,yz
2992,abc
2993,def
2994,ghi
2995,jkl
2996,mno
2997,pqr
2998,stu
2999,vwx
3000,yz
3001,abc
3002,def
3003,ghi
3004,jkl
3005,mno
3006,pqr
3007,stu
3008,vwx
3009,yz
3010,abc
3011,def
3012,ghi
3013,jkl
3014,mno
3015,pqr
3016,stu
3017,vwx
3018,yz
3019,abc
3020,def
3021,ghi
3022,jkl
3023,mno
3024,pqr
3025,stu
3026,vwx
3027,yz
3028,abc
3029,def
3030,ghi
3031,jkl
3032,mno
3033,pqr
3034,stu
3035,vwx
3036,yz
3037,abc
3038,def
3039,ghi
3040,jkl
3041,mno
3042,pqr
3043,stu
3044,vwx
3045,yz
3046,abc
3047,def
3048,ghi
3049,jkl
3050,mno
3051,pqr
3052,stu
3053,vwx
3054,yz
3055,abc
3056,def
3057,ghi
3058,jkl
3059,mno
3060,pqr
3061,stu
3062,vwx
3063,yz
3064,abc
3065,def
3066,ghi
3067,jkl
3068,mno
3069,pqr
3070,stu
3071,vwx
3072,yz
3073,abc
3074,def
3075,ghi
3076,jkl
3077,mno
3078,pqr
3079,stu
3080,vwx
3081,yz
3082,abc
3083,def
3084,ghi
3085,jkl
3086,mno
3087,pqr
3088,stu
3089,vwx
3090,yz
3091,abc
3092,def
3093,ghi
3094,jkl
3095,mno
3096,pqr
3097,stu
3098,vwx
3099,yz
3100,abc
3101,def
3102,ghi
3103,jkl
3104,mno
3105,pqr
3106,stu
3107,vwx
3108,yz
3109,abc
3110,def
3111,ghi
3112,jkl
3113,mno
3114,pqr
3115,stu
3116,vwx
3117,yz
3118,abc
3119,def
3120,ghi
3121,jkl
3122,mno
3123,pqr
3124,stu
3125,vwx
3126,yz
3127,abc
3128,def
3129,ghi
3130,jkl
3131,mno
3132,pqr
3133,stu
3134,vwx
3135,yz
3136,abc
3137,def
3138,ghi
3139,jkl
3140,mno
3141,pqr
3142,stu
3143,vwx
3144,yz
3145,abc
3146,def
3147,ghi
3148,jkl
3149,mno
3150,pqr
3151,stu
3152,vwx
3153,yz
3154,abc
3155,def
3156,ghi
3157,jkl
3158,mno
3159,pqr
3160,stu
3161,vwx
3162,yz
3163,abc
3164,def
3165,ghi
3166,jkl
3167,mno
3168,pqr
3169,stu
3170,vwx
3171,yz
3172,abc
3173,def
3174,ghi
3175,jkl
3176,mno
3177,pqr
3178,stu
3179,vwx
3180,yz
3181,abc
3182,def
3183,ghi
3184,jkl
3185,mno
3186,pqr
3187,stu
3188,vwx
3189,yz
3190,abc
3191,def
3192,ghi
3193,yz
3194,abc
3195,def
3196,ghi
3197,jkl
3198,mno
3199,pqr
3200,stu
3201,vwx
3202,yz
3203,abc
3204,def
3205,ghi
3206,jkl
3207,mno
3208,pqr
3209,stu
3210,vwx
3211,yz
3212,abc
3213,def
3214,ghi
3215,jkl
3216,mno
3217,pqr
3218,stu
3219,vwx
3220,yz
3221,abc
3222,def
3223,ghi
3224,jkl
3225,mno
3226,pqr
3227,stu
3228,vwx
3229,yz
3230,abc
3231,def
3232,ghi
3233,jkl
3234,mno
3235,pqr
3236,stu
3237,vwx
3238,yz
3239,abc
3240,def
3241,ghi
3242,jkl
3243,mno
3244,pqr
3245,stu
3246,vwx
3247,yz
3248,abc
3249,def
3250,ghi
3251,jkl
3252,mno
3253,pqr
3254,stu
3255,vwx
3256,yz
3257,abc
3258,def
3259,ghi
3260,jkl
3261,mno
3262,pqr
3263,stu
3264,vwx
3265,yz
3266,abc
3267,def
3268,ghi
3269,jkl
3270,mno
3271,pqr
3272,stu
3273,vwx
3274,yz
3275,abc
3276,def
3277,ghi
3278,jkl
3279,mno
3280,pqr
3281,stu
3282,vwx
3283,yz
3284,abc
3285,def
3286,ghi
3287,jkl
3288,mno
3289,pqr
3290,stu
3291,vwx
3292,yz
3293,abc
3294,def
3295,ghi
3296,jkl
3297,mno
3298,pqr
3299,stu
3300,vwx
3301,yz
3302,abc
3303,def
3304,ghi
3305,jkl
3306,mno
3307,pqr
3308,stu
3309,vwx
3310,yz
3311,abc
3312,def
3313,ghi
3314,jkl
3315,mno
3316,pqr
3317,stu
3318,vwx
3319,yz
3320,abc
3321,def
3322,ghi
3323,jkl
3324,mno
3325,pqr
3326,stu
3327,vwx
3328,yz
3329,abc
3330,def
3331,ghi
3332,jkl
3333,mno
3334,pqr
3335,stu
3336,vwx
3337,yz
3338,abc
3339,def
3340,ghi
3341,jkl
3342,mno
3343,pqr
3344,stu
3345,vwx
3346,yz
3347,abc
3348,def
3349,ghi
3350,jkl
3351,mno
3352,pqr
3353,stu
3354,vwx
3355,yz
3356,abc
3357,def
3358,ghi
3359,jkl
3360,mno
3361,pqr
3362,stu
3363,vwx
3364,yz
3365,abc
3366,def
3367,ghi
3368,jkl
3369,mno
3370,pqr
3371,stu
3372,vwx
3373,yz
3374,abc
3375,def
3376,ghi
3377,jkl
3378,mno
3379,pqr
3380,stu
3381,vwx
3382,yz
3383,abc
3384,def
3385,ghi
3386,jkl
3387,mno
3388,pqr
3389,stu
3390,vwx
3391,yz
3392,abc
3393,def
3394,ghi
3395,jkl
3396,mno
3397,pqr
3398,stu
3399,vwx
3400,yz
3401,abc
3402,def
3403,ghi
3404,jkl
3405,mno
3406,pqr
3407,stu
3408,vwx
3409,yz
3410,abc
3411,def
3412,ghi
3413,jkl
3414,mno
3415,pqr
3416,stu
3417,vwx
3418,yz
3419,abc
3420,def
3421,ghi
3422,jkl
3423,mno
3424,pqr
3425,stu
3426,vwx
3427,yz
3428,abc
3429,def
3430,ghi
3431,jkl
3432,mno
3433,pqr
3434,stu
3435,vwx
3436,yz
3437,abc
3438,def
3439,ghi
3440,jkl
3441,mno
3442,pqr
3443,stu
3444,vwx
3445,yz
3446,abc
3447,def
3448,ghi
3449,jkl
3450,mno
3451,pqr
3452,stu
3453,vwx
3454,yz
3455,abc
3456,def
3457,ghi
3458,jkl
3459,mno
3460,pqr
3461,stu
3462,vwx
3463,yz
3464,abc
3465,def
3466,ghi
3467,jkl
3468,mno
3469,pqr
3470,stu
3471,vwx
3472,yz
3473,abc
3474,def
3475,ghi
3476,jkl
3477,mno
3478,pqr
3479,stu
3480,vwx
3481,yz
3482,abc
3483,def
3484,ghi
3485,jkl
3486,mno
3487,pqr
3488,stu
3489,vwx
3490,yz
3491,abc
3492,def
3493,ghi
3494,jkl
3495,mno
3496,pqr
3497,stu
3498,vwx
3499,yz
3500,abc
3501,def
3502,ghi
3503,jkl
3504,mno
3505,pqr
3506,stu
3507,vwx
3508,yz
3509,abc
3510,def
3511,ghi
3512,jkl
3513,mno
3514,pqr
3515,stu
3516,vwx
3517,yz
3518,abc
3519,def
3520,ghi
3521,jkl
3522,mno
3523,pqr
3524,stu
3525,vwx
3526,yz
3527,abc
3528,def
3529,ghi
3530,jkl
3531,mno
3532,pqr
3533,stu
3534,vwx
3535,yz
3536,abc
3537,def
3538,ghi
3539,jkl
3540,mno
3541,pqr
3542,stu
3543,vwx
3544,yz
3545,abc
3546,def
3547,ghi
3548,jkl
3549,mno
3550,pqr
3551,stu
3552,vwx
3553,yz
3554,abc
3555,def
3556,ghi
3557,jkl
3558,mno
3559,pqr
3560,stu
3561,vwx
3562,yz
3563,abc
3564,def
3565,ghi
3566,jkl
3567,mno
3568,pqr
3569,stu
3570,vwx
3571,yz
3572,abc
3573,def
3574,ghi
3575,jkl
3576,mno
3577,pqr
3578,stu
3579,vwx
3580,yz
3581,abc
3582,def
3583,ghi
3584,jkl
3585,mno
3586,pqr
3587,stu
3588,vwx
3589,yz
3590,abc
3591,def
3592,ghi
3593,jkl
3594,mno
3595,pqr
3596,stu
3597,vwx
3598,yz
3599,abc
3600,def
3601,ghi
3602,jkl
3603,mno
3604,pqr
3605,stu
3606,vwx
3607,yz
3608,abc
3609,def
3610,ghi
3611,jkl
3612,mno
3613,pqr
3614,stu
3615,vwx
3616,yz
3617,abc
3618,def
3619,ghi
3620,jkl
3621,mno
3622,pqr
3623,stu
3624,vwx
3625,yz
3626,abc
3627,def
3628,ghi
3629,jkl
3630,mno
3631,pqr
3632,stu
3633,vwx
3634,yz
3635,abc
3636,def
3637,ghi
3638,jkl
3639,mno
3640,pqr
3641,stu
3642,vwx
3643,yz
3644,abc
3645,def
3646,ghi
3647,jkl
3648,mno
3649,pqr
3650,stu
3651,vwx
3652,yz
3653,abc
3654,def
3655,ghi
3656,jkl
3657,mno
3658,pqr
3659,stu
3660,vwx
3661,yz
3662,abc
3663,def
3664,ghi
3665,jkl
3666,mno
3667,pqr
3668,stu
3669,vwx
3670,yz
3671,abc
3672,def
3673,ghi
3674,jkl
3675,mno
3676,pqr
3677,stu
3678,vwx
3679,yz
3680,abc
3681,def
3682,ghi
3683,jkl
3684,mno
3685,pqr
3686,stu
3687,vwx
3688,yz
3689,abc
3690,def
3691,ghi
3692,jkl
3693,mno
3694,pqr
3695,stu
3696,vwx
3697,yz
3698,abc
3699,def
3700,ghi
3701,jkl
3702,mno
3703,pqr
3704,stu
3705,vwx
3706,yz
3707,abc
3708,def
3709,ghi
3710,jkl
3711,mno
3712,pqr
3713,stu
3714,vwx
3715,yz
3716,abc
3717,def
3718,ghi
3719,jkl
3720,mno
3721,pqr
3722,stu
3723,vwx
3724,yz
3725,abc
3726,def
3727,ghi
3728,jkl
3729,mno
3730,pqr
3731,stu
3732,vwx
3733,yz
3734,abc
3735,def
3736,ghi
3737,jkl
3738,mno
3739,pqr
3740,stu
3741,vwx
3742,yz
3743,abc
3744,def
3745,ghi
3746,jkl
3747,mno
3748,pqr
3749,stu
3750,vwx
3751,yz
3752,abc
3753,def
3754,ghi
3755,jkl
